nom,date,provincial_infection_prevention_controle_en,ner_json
North Kivu,21-05-2026,"Decontamination was carried out at Matanda Hospital after a confirmed case from Katwa was identified there. An IPC scorecard assessment gave the hospital a score of 70.6%. Case mapping was performed, and a review of the ETC situation identified IPC supply needs, including PPE, water supply, waste management, and patient circuit organization.","[{""type"": ""LOC"", ""value"": ""Matanda Hospital"", ""score"": 0.9981}, {""type"": ""LOC"", ""value"": ""Katwa"", ""score"": 0.9054}, {""type"": ""ORG"", ""value"": ""IPC"", ""score"": 0.9984}, {""type"": ""ORG"", ""value"": ""ETC"", ""score"": 0.9968}, {""type"": ""ORG"", ""value"": ""IPC"", ""score"": 0.9964}]"
Ituri,05-06-2026,"Fifteen healthcare providers (4 facilities) were briefed on standard precautions, waste management, and handwashing; 14 others (4 facilities) on handwashing, biocleaning, and waste management. Decontamination was done at Saint-Nicolas orphanage, followed by a ring opening covering 3 health facilities, 13 churches, and 433 households.","[{""type"": ""LOC"", ""value"": ""Saint - Nicolas"", ""score"": 0.7564}]"
North-Kivu,05-06-2026,"IPC scorecards in five facilities averaged 40%. Twenty-eight providers there (plus five in another zone) received IPC briefings. One safe burial was done. Decontamination covered two facilities and one household. IPC-WASH committees were revitalized in five facilities, and triage/isolation circuits reorganized in two health centres.","[{""type"": ""ORG"", ""value"": ""IPC"", ""score"": 0.9967}, {""type"": ""ORG"", ""value"": ""IPC"", ""score"": 0.997}, {""type"": ""ORG"", ""value"": ""IPC"", ""score"": 0.9866}, {""type"": ""ORG"", ""value"": ""WASH"", ""score"": 0.9928}]"
South-Kivu,05-06-2026,"A scorecard assessment of two health facilities in one health zone showed scores of 42% and 35.5%, with improvement plans developed. IPC supplies were provided, including 100 handwashing kits (40 to health facilities, 60 distributed in the community). Forty decontamination kits were deployed across two health zones.","[{""type"": ""ORG"", ""value"": ""IPC"", ""score"": 0.9804}]"
North-Kivu,22-05-2026,"Decontamination was conducted at Matanda Hospital where a confirmed case from Katwa was staying. An IPC scorecard assessment of Matanda Hospital showed a score of 70.6%. Case mapping was performed. A review of the ETC situation was conducted to identify IPC supply needs, including PPE, water supply, waste management, and patient circuit.","[{""type"": ""LOC"", ""value"": ""Matanda Hospital"", ""score"": 0.9983}, {""type"": ""PER"", ""value"": ""Kat"", ""score"": 0.7353}, {""type"": ""ORG"", ""value"": ""IPC"", ""score"": 0.9986}, {""type"": ""LOC"", ""value"": ""Matanda Hospital"", ""score"": 0.998}, {""type"": ""ORG"", ""value"": ""ETC"", ""score"": 0.9963}, {""type"": ""ORG"", ""value"": ""IPC"", ""score"": 0.9959}]"
Ituri,06-06-2026,"6 of 15 safe burials done. 23 providers from 6 facilities briefed on EVD basics, biocleaning, standard precautions. One zone: 10 trained on PPE/waste; home decontaminated; 3 safe burials on 5 alerts (2 postponed). Another zone: 8 safe burials on 9 alerts; 7 facilities decontaminated; 33 briefed on handwashing/waste management.","[{""type"": ""MISC"", ""value"": ""E"", ""score"": 0.8486}]"
North-Kivu,06-06-2026,"Risk assessment at CH Saint Joseph (Rughenda). IPC scores: Clinique La Vie des Hommes 27.5%, Nya Kalunga Makuha 22.5%, Vuhika 51.1%, Masuli 46.5% (avg 36.9%). Decontamination performed on 2 of 6 Horizon university clinics premises linked to two positive providers.","[{""type"": ""ORG"", ""value"": ""CH Saint Joseph"", ""score"": 0.992}, {""type"": ""LOC"", ""value"": ""Rughenda"", ""score"": 0.9479}, {""type"": ""ORG"", ""value"": ""IPC"", ""score"": 0.9804}, {""type"": ""ORG"", ""value"": ""C"", ""score"": 0.9975}, {""type"": ""ORG"", ""value"": ""##linique La Vie des Hommes"", ""score"": 0.9508}, {""type"": ""PER"", ""value"": ""N"", ""score"": 0.5582}, {""type"": ""ORG"", ""value"": ""##ya"", ""score"": 0.4473}, {""type"": ""PER"", ""value"": ""Ka"", ""score"": 0.8835}, {""type"": ""ORG"", ""value"": ""##lunga"", ""score"": 0.5834}, {""type"": ""PER"", ""value"": ""Ma"", ""score"": 0.738}, {""type"": ""ORG"", ""value"": ""##kuha"", ""score"": 0.7259}, {""type"": ""PER"", ""value"": ""V"", ""score"": 0.7583}, {""type"": ""PER"", ""value"": ""##uh"", ""score"": 0.3565}, {""type"": ""ORG"", ""value"": ""##ika"", ""score"": 0.5356}, {""type"": ""PER"", ""value"": ""Masul"", ""score"": 0.9901}, {""type"": ""ORG"", ""value"": ""Horizon"", ""score"": 0.965}]"
South-Kivu,06-06-2026,"Supported RIT for Nyangezi investigation. Two facility scorecards: 38% and 43%; improvement plans developed. Supported ICU decontamination at a general hospital. Distributed 100 handwashing kits (40 facilities, 60 community) and 40 decontamination kits across two health zones.","[{""type"": ""ORG"", ""value"": ""RIT"", ""score"": 0.9903}, {""type"": ""LOC"", ""value"": ""N"", ""score"": 0.4976}, {""type"": ""ORG"", ""value"": ""##yang"", ""score"": 0.9136}, {""type"": ""LOC"", ""value"": ""##ez"", ""score"": 0.7501}, {""type"": ""ORG"", ""value"": ""ICU"", ""score"": 0.9825}]"
Ituri,07-06-2026,"IPC scores 5–67.7% across 8 facilities. Trained 2 burial teams (24 providers). Elsewhere: briefings, 3 rings, decontaminated 1 facility + 3 homes, provided handwashing gear. Another zone: briefings, 30 ring homes. Another: 12 briefed, 6 homes cleaned. Another: 6 safe burials (8 alerts, 2 ongoing) + 6 decontaminations.","[{""type"": ""ORG"", ""value"": ""IPC"", ""score"": 0.9963}]"
North-Kivu,07-06-2026,Follow-up and accompaniment were conducted at three health centres in one health zone. Training of 45 health providers was closed at the ETC in the same health zone. Decontamination was carried out on 4 out of 6 premises of university clinics in another health zone around two confirmed cases.,"[{""type"": ""ORG"", ""value"": ""ETC"", ""score"": 0.9927}]"
South-Kivu,07-06-2026,"A body was secured in intensive care at a general referral hospital. Support was provided for decontamination of a primary school, and 4 people were mentored on preparing 0.05% and 0.5% chlorinated solutions. A briefing was held for 208 people from 6 health areas across two health zones on decontamination, safe and dignified burials, and respect for barrier measures.",[]
Ituri,08-06-2026,"IPC scorecards: 19 facilities (one 38.7%), 2 facilities (11%, 12%), and 16 facilities (all <50%). Training started for 50 providers from 16 facilities on IPC. Rings opened around confirmed cases in 3 zones with site decontamination. Providers briefed on waste management, hand hygiene, biocleaning, PPE, and EVD basics; surface technicians briefed on EVD and standard IPC.","[{""type"": ""ORG"", ""value"": ""IPC"", ""score"": 0.9914}, {""type"": ""ORG"", ""value"": ""IPC"", ""score"": 0.9453}, {""type"": ""MISC"", ""value"": ""E"", ""score"": 0.5458}, {""type"": ""ORG"", ""value"": ""IPC"", ""score"": 0.9269}]"
North-Kivu,08-06-2026,"In Katwa, 2 out of 4 health facilities were decontaminated around 2 confirmed cases; 3 households were identified and planned for decontamination. Additionally, 7 out of 8 health facilities were accompanied, and 37 providers were briefed on IPC topics in those facilities.","[{""type"": ""LOC"", ""value"": ""Katwa"", ""score"": 0.994}, {""type"": ""ORG"", ""value"": ""IPC"", ""score"": 0.9903}]"
South-Kivu,08-06-2026,Decontamination was conducted at an intensive care unit and a cantonment site. Scorecard assessments of two health facilities (40.0% and 9.7%) were followed by development of recovery plans. Twelve providers were briefed on decontamination and PPE donning/doffing. An assessment of 5 hot spots was conducted and handwashing devices were installed in one health zone.,"[{""type"": ""ORG"", ""value"": ""PP"", ""score"": 0.7295}]"
North-Kivu,11-06-2026,"Assessment of 4 health facilities (FEPSI:61%, Shangilieni:48%, Kyaghala:68%, La Charité:15%). 2/2 facilities decontaminated (HGR Katwa, CH FEPSI). 46/56 providers briefed. Risk assessment of 15/36 providers (11 high-risk, 3 intermediate, 1 low-risk). 26 facilities accompanied in Goma, Karisimbi, Nyiragongo with 29 providers briefed.","[{""type"": ""LOC"", ""value"": ""Shangi"", ""score"": 0.5305}, {""type"": ""ORG"", ""value"": ""##lie"", ""score"": 0.6902}, {""type"": ""LOC"", ""value"": ""Kyaghala"", ""score"": 0.791}, {""type"": ""ORG"", ""value"": ""La Charit\u00e9"", ""score"": 0.9946}, {""type"": ""ORG"", ""value"": ""HGR Katwa"", ""score"": 0.8509}, {""type"": ""ORG"", ""value"": ""CH F"", ""score"": 0.81}, {""type"": ""LOC"", ""value"": ""Goma"", ""score"": 0.9507}, {""type"": ""LOC"", ""value"": ""Karisimbi"", ""score"": 0.9285}, {""type"": ""LOC"", ""value"": ""Nyiragong"", ""score"": 0.9771}, {""type"": ""LOC"", ""value"": ""##o"", ""score"": 0.6491}]"
South-Kivu,11-06-2026,Decontamination of 12 households and 9 latrines. Support to EIR (donning/doffing) for 6 samples. Briefing of 6 hygienists at CS Kahungu on '3 buckets' decontamination technique.,"[{""type"": ""ORG"", ""value"": ""CS Kahun"", ""score"": 0.8821}, {""type"": ""LOC"", ""value"": ""##gu"", ""score"": 0.5806}]"
North-Kivu,15-06-2026,"38 health facilities accompanied in Butembo, Katwa, Beni and Goma. IPC supplies delivered to HGR Matanda. Decontamination of maternity and post-partum rooms at HGR Matanda. Risk assessment of 6/13 providers (3 high-risk). 97 providers briefed in Katwa, Beni and Butembo. Decontamination of HGR Kitatumba and CH Saint Joseph (1/6 facilities remaining). Scorecard assessment of 7 facilities in Beni (average 47.4%). Training closed for 11 providers at refugee transit site with WHO/UNHCR support.","[{""type"": ""LOC"", ""value"": ""Butembo"", ""score"": 0.9758}, {""type"": ""LOC"", ""value"": ""Katwa"", ""score"": 0.995}, {""type"": ""LOC"", ""value"": ""Beni"", ""score"": 0.9978}, {""type"": ""LOC"", ""value"": ""Goma"", ""score"": 0.9721}, {""type"": ""ORG"", ""value"": ""IPC"", ""score"": 0.9969}, {""type"": ""ORG"", ""value"": ""HGR Matanda"", ""score"": 0.7975}, {""type"": ""ORG"", ""value"": ""HGR Mata"", ""score"": 0.6698}, {""type"": ""LOC"", ""value"": ""##nda"", ""score"": 0.636}, {""type"": ""LOC"", ""value"": ""Katwa"", ""score"": 0.9889}, {""type"": ""LOC"", ""value"": ""Beni"", ""score"": 0.9963}, {""type"": ""LOC"", ""value"": ""Butembo"", ""score"": 0.983}, {""type"": ""ORG"", ""value"": ""HGR Kitatumba"", ""score"": 0.8815}, {""type"": ""ORG"", ""value"": ""CH Saint Joseph"", ""score"": 0.9885}, {""type"": ""LOC"", ""value"": ""Beni"", ""score"": 0.9983}, {""type"": ""ORG"", ""value"": ""WHO"", ""score"": 0.9972}, {""type"": ""ORG"", ""value"": ""UNHCR"", ""score"": 0.9924}]"
South-Kivu,15-06-2026,"Scorecard assessment of 5 health facilities (4 in Katana HZ, 1 in Mitimurhesa HZ).","[{""type"": ""LOC"", ""value"": ""Katana HZ"", ""score"": 0.9484}, {""type"": ""LOC"", ""value"": ""Mitimurhesa HZ"", ""score"": 0.8407}]"
North-Kivu,16-06-2026,"2-day IPC briefing started for MONUSCO clinic health providers in Goma. Risk assessment of 5/7 staff exposed to confirmed case at CH Félicité (high risk). Assessment of 23 exposed staff in Beni (12 high-risk). 126 providers briefed during accompaniment of 34 health facilities in Beni, Butembo, Katwa. Supervision of CH LA VERITE which received 5 positive cases. Decontamination around confirmed cases in Butembo and Katwa. Decontamination of 1/2 facilities (CH DON DIVIN) in Katwa. Scorecard assessment of 12 facilities (Beni avg 55.7%, Katwa: HGR KITATUMBA 42%, Dispensaire Félicité 24.6%). IPC supplies delivered to CH Wanamahika (Katwa).","[{""type"": ""ORG"", ""value"": ""IPC"", ""score"": 0.9978}, {""type"": ""ORG"", ""value"": ""M"", ""score"": 0.967}, {""type"": ""ORG"", ""value"": ""##ONUSCO"", ""score"": 0.8705}, {""type"": ""LOC"", ""value"": ""Goma"", ""score"": 0.9823}, {""type"": ""ORG"", ""value"": ""CH F\u00e9licit\u00e9"", ""score"": 0.9507}, {""type"": ""LOC"", ""value"": ""Beni"", ""score"": 0.9597}, {""type"": ""LOC"", ""value"": ""Beni"", ""score"": 0.9978}, {""type"": ""LOC"", ""value"": ""Butembo"", ""score"": 0.9951}, {""type"": ""LOC"", ""value"": ""Katwa"", ""score"": 0.9972}, {""type"": ""ORG"", ""value"": ""CH LA VERITE"", ""score"": 0.9789}, {""type"": ""LOC"", ""value"": ""Butembo"", ""score"": 0.9897}, {""type"": ""LOC"", ""value"": ""Katwa"", ""score"": 0.9974}, {""type"": ""LOC"", ""value"": ""Katwa"", ""score"": 0.998}, {""type"": ""LOC"", ""value"": ""Beni"", ""score"": 0.9854}, {""type"": ""LOC"", ""value"": ""Katwa"", ""score"": 0.9746}, {""type"": ""ORG"", ""value"": ""H"", ""score"": 0.937}, {""type"": ""ORG"", ""value"": ""KITATUMBA"", ""score"": 0.8376}, {""type"": ""ORG"", ""value"": ""Dispensaire F\u00e9licit\u00e9"", ""score"": 0.9342}, {""type"": ""ORG"", ""value"": ""IPC"", ""score"": 0.9949}, {""type"": ""ORG"", ""value"": ""CH Wanamahika"", ""score"": 0.855}, {""type"": ""LOC"", ""value"": ""Katwa"", ""score"": 0.9954}]"
South-Kivu,16-06-2026,"Scorecard assessment of 5 health facilities (4 in Katana HZ, 1 in Mitimurhesa HZ). Decontamination of 8 households and 8 latrines around 8 suspected cases in Katana HZ (5 Kalagane, 3 Chiranga).","[{""type"": ""LOC"", ""value"": ""Katana HZ"", ""score"": 0.8862}, {""type"": ""LOC"", ""value"": ""Mitimurhesa HZ"", ""score"": 0.8241}, {""type"": ""LOC"", ""value"": ""Katana HZ"", ""score"": 0.8057}, {""type"": ""LOC"", ""value"": ""Kalag"", ""score"": 0.7202}, {""type"": ""LOC"", ""value"": ""Chiranga"", ""score"": 0.9109}]"
North-Kivu,18-06-2026,"Risk assessment at CH CBCA (Katwa): 1 high-risk provider. Scorecard assessment of 3 facilities in Beni (CH CBCA 56.5%, CHP Heshima Letu 60%, Dispensaire Bora Uzima 22%). Gaps: non-functional triage, insufficient handwashing devices, insufficient PPE, untrained providers, poor waste management, no incinerator. Briefing of 222 providers in Beni, Butembo, Goma, Katwa, Karisimbi, Nyiragongo. 46 health facilities accompanied for IPC mentoring. Decontamination of 6 facilities (3 Katwa, 1 Butembo, 2 Beni).","[{""type"": ""ORG"", ""value"": ""CH CBCA"", ""score"": 0.9966}, {""type"": ""LOC"", ""value"": ""Katwa"", ""score"": 0.9224}, {""type"": ""LOC"", ""value"": ""Beni"", ""score"": 0.9976}, {""type"": ""ORG"", ""value"": ""CH CBCA"", ""score"": 0.9919}, {""type"": ""ORG"", ""value"": ""CHP Heshima Letu"", ""score"": 0.9668}, {""type"": ""ORG"", ""value"": ""Dispensaire Bora Uzima"", ""score"": 0.9341}, {""type"": ""LOC"", ""value"": ""Beni"", ""score"": 0.9962}, {""type"": ""LOC"", ""value"": ""Butembo"", ""score"": 0.989}, {""type"": ""LOC"", ""value"": ""Goma"", ""score"": 0.9855}, {""type"": ""LOC"", ""value"": ""Katwa"", ""score"": 0.9913}, {""type"": ""LOC"", ""value"": ""Karisimbi"", ""score"": 0.964}, {""type"": ""LOC"", ""value"": ""Nyiragongo"", ""score"": 0.971}, {""type"": ""ORG"", ""value"": ""IPC"", ""score"": 0.9874}, {""type"": ""LOC"", ""value"": ""Katwa"", ""score"": 0.8133}, {""type"": ""LOC"", ""value"": ""Butembo"", ""score"": 0.6687}, {""type"": ""LOC"", ""value"": ""Beni"", ""score"": 0.9736}]"
South-Kivu,18-06-2026,"Packaging and distribution of IPC supplies and PPE to Miti-Murhesa HZ. Support to EIR for 10 re-samples. Decontamination of 21 households (8 Kalagane AS/Katana, 13 Kabushwa AS/Miti-Murhesa). Installation of 4 checkpoints (3 Lwiro AS, 1 Kabushwa AS) with PNHF/OIM support. Distribution of IPC kits to schools (EP KABINDI, EP MURHANGA, EP CIBATI/COMBO). Ambulance decontamination after patient transfer. Scorecard at CH Bugarula (Idjwi HZ): 43.5%.","[{""type"": ""ORG"", ""value"": ""IPC"", ""score"": 0.9912}, {""type"": ""LOC"", ""value"": ""Mi"", ""score"": 0.7672}, {""type"": ""LOC"", ""value"": ""##ti - Mu"", ""score"": 0.5538}, {""type"": ""ORG"", ""value"": ""##r"", ""score"": 0.5784}, {""type"": ""LOC"", ""value"": ""##hesa"", ""score"": 0.804}, {""type"": ""LOC"", ""value"": ""##Z"", ""score"": 0.7473}, {""type"": ""ORG"", ""value"": ""E"", ""score"": 0.9588}, {""type"": ""ORG"", ""value"": ""Kalagane AS"", ""score"": 0.8834}, {""type"": ""ORG"", ""value"": ""Katana"", ""score"": 0.9112}, {""type"": ""ORG"", ""value"": ""Kabushwa AS"", ""score"": 0.8363}, {""type"": ""ORG"", ""value"": ""Mi"", ""score"": 0.6806}, {""type"": ""ORG"", ""value"": ""##ti"", ""score"": 0.4816}, {""type"": ""ORG"", ""value"": ""Murhesa"", ""score"": 0.7404}, {""type"": ""ORG"", ""value"": ""Lwi"", ""score"": 0.9203}, {""type"": ""ORG"", ""value"": ""AS"", ""score"": 0.852}, {""type"": ""ORG"", ""value"": ""Kabushwa AS"", ""score"": 0.9549}, {""type"": ""ORG"", ""value"": ""PNHF"", ""score"": 0.837}, {""type"": ""ORG"", ""value"": ""OIM"", ""score"": 0.814}, {""type"": ""ORG"", ""value"": ""IPC"", ""score"": 0.9841}, {""type"": ""ORG"", ""value"": ""EP KABINDI"", ""score"": 0.8758}, {""type"": ""ORG"", ""value"": ""EP MURHANGA"", ""score"": 0.7449}, {""type"": ""ORG"", ""value"": ""CH Bugarula"", ""score"": 0.9422}, {""type"": ""ORG"", ""value"": ""Idj"", ""score"": 0.6573}, {""type"": ""ORG"", ""value"": ""H"", ""score"": 0.588}]"
North-Kivu,19-06-2026,"Risk assessment of 16 exposed providers: 8 in Katwa (all high-risk), 8 in Butembo (6 high-risk, 2 low-risk). Decontamination of 2 health facilities (CS Makerere triage) after confirmed and suspected case transfer. Briefing of 104 providers on case definitions and standard IPC precautions (triage, isolation, hand hygiene, cleaning, disinfection, waste management) in Butembo, Katwa, Beni, Karisimbi, Nyiragongo. Support for briefing of 18 morgue providers in Katwa (Red Cross). IPC/WASH supplies delivered to 27/42 health facilities in Butembo with WHO support. Accompaniment of 22 priority health facilities. Scorecard assessment of 11 facilities (10 Beni, 1 Butembo) average 45.4%. 4 SDBs and 21 post-mortem swabs performed in last 24h.","[{""type"": ""LOC"", ""value"": ""Katwa"", ""score"": 0.997}, {""type"": ""LOC"", ""value"": ""Butembo"", ""score"": 0.9953}, {""type"": ""ORG"", ""value"": ""CS Makerere"", ""score"": 0.9907}, {""type"": ""ORG"", ""value"": ""IPC"", ""score"": 0.9965}, {""type"": ""LOC"", ""value"": ""Butembo"", ""score"": 0.9959}, {""type"": ""LOC"", ""value"": ""Katwa"", ""score"": 0.9975}, {""type"": ""LOC"", ""value"": ""Beni"", ""score"": 0.9969}, {""type"": ""LOC"", ""value"": ""Karisimbi"", ""score"": 0.9829}, {""type"": ""LOC"", ""value"": ""Nyiragongo"", ""score"": 0.9778}, {""type"": ""LOC"", ""value"": ""Katwa"", ""score"": 0.9967}, {""type"": ""ORG"", ""value"": ""Red Cross"", ""score"": 0.9973}, {""type"": ""ORG"", ""value"": ""IPC"", ""score"": 0.9956}, {""type"": ""ORG"", ""value"": ""WASH"", ""score"": 0.8494}, {""type"": ""LOC"", ""value"": ""Butembo"", ""score"": 0.9956}, {""type"": ""ORG"", ""value"": ""WHO"", ""score"": 0.9975}, {""type"": ""LOC"", ""value"": ""Beni"", ""score"": 0.9752}, {""type"": ""LOC"", ""value"": ""Butembo"", ""score"": 0.9598}]"
North-Kivu,22-06-2026,"Decontamination of 4 health facilities around confirmed cases (2 Katwa: CH JERUSALEM, CH MUTIRI; 2 Beni: CH Gracia, CH Ruwenzori). Installation of 2 handwashing points at Malepe and Beni Central Market. Scorecard assessment of 10 facilities (7 Beni, 1 Katwa, 1 Butembo, 1 Kyondo) average 44.3%. Visit to BCZS Kyondo to activate EDS team and prepare training. IPC/WASH supplies delivered to Kyondo HZ (gloves, goggles, face shields, chlorine). Accompaniment of 57 priority health facilities in Beni, Butembo, Katwa, Kyondo, Goma, Karisimbi. Briefing of 202 providers on IPC topics.","[{""type"": ""ORG"", ""value"": ""CH JER"", ""score"": 0.7765}, {""type"": ""ORG"", ""value"": ""CH MUT"", ""score"": 0.7586}, {""type"": ""ORG"", ""value"": ""CH Gracia"", ""score"": 0.9835}, {""type"": ""ORG"", ""value"": ""CH Ru"", ""score"": 0.7844}, {""type"": ""LOC"", ""value"": ""##zor"", ""score"": 0.3837}, {""type"": ""ORG"", ""value"": ""##i"", ""score"": 0.623}, {""type"": ""LOC"", ""value"": ""Malepe"", ""score"": 0.9548}, {""type"": ""LOC"", ""value"": ""Beni Central Market"", ""score"": 0.9419}, {""type"": ""LOC"", ""value"": ""Beni"", ""score"": 0.9105}, {""type"": ""LOC"", ""value"": ""Katwa"", ""score"": 0.9522}, {""type"": ""LOC"", ""value"": ""Butembo"", ""score"": 0.9276}, {""type"": ""LOC"", ""value"": ""Kyondo"", ""score"": 0.9818}, {""type"": ""ORG"", ""value"": ""BCZ"", ""score"": 0.9754}, {""type"": ""ORG"", ""value"": ""K"", ""score"": 0.6145}, {""type"": ""LOC"", ""value"": ""##yondo"", ""score"": 0.9899}, {""type"": ""ORG"", ""value"": ""EDS"", ""score"": 0.7931}, {""type"": ""ORG"", ""value"": ""IPC"", ""score"": 0.9711}, {""type"": ""ORG"", ""value"": ""WASH"", ""score"": 0.9311}, {""type"": ""LOC"", ""value"": ""Kyondo"", ""score"": 0.9491}, {""type"": ""ORG"", ""value"": ""H"", ""score"": 0.5561}, {""type"": ""LOC"", ""value"": ""##Z"", ""score"": 0.6773}, {""type"": ""LOC"", ""value"": ""Beni"", ""score"": 0.9961}, {""type"": ""LOC"", ""value"": ""Butembo"", ""score"": 0.9918}, {""type"": ""LOC"", ""value"": ""Katwa"", ""score"": 0.9914}, {""type"": ""LOC"", ""value"": ""Kyondo"", ""score"": 0.9928}, {""type"": ""LOC"", ""value"": ""Goma"", ""score"": 0.9655}, {""type"": ""LOC"", ""value"": ""Karisimbi"", ""score"": 0.8991}, {""type"": ""ORG"", ""value"": ""IPC"", ""score"": 0.9099}]"
North-Kivu,23-06-2026,"Briefing of 290 providers in Beni, Butembo, Katwa, Oicha, Goma, Karisimbi, Nyiragongo. Assessment of 11 health facilities (average 45.8%). Training closure for 34 providers (Karisimbi, IMA). Decontamination of 4 health facilities (2 Katwa, 2 Beni) and 1 household (Kihinga/Katwa). IPC supplies delivered to CH Mukuna, CH Jérusalem (Katwa) and HGR Oicha. 26 death alerts managed, 24 post-mortem swabs performed, 5 SDBs carried out.","[{""type"": ""LOC"", ""value"": ""Beni"", ""score"": 0.9959}, {""type"": ""LOC"", ""value"": ""Butembo"", ""score"": 0.9809}, {""type"": ""LOC"", ""value"": ""Katwa"", ""score"": 0.9912}, {""type"": ""LOC"", ""value"": ""Oicha"", ""score"": 0.9801}, {""type"": ""LOC"", ""value"": ""Goma"", ""score"": 0.9857}, {""type"": ""LOC"", ""value"": ""Karisimbi"", ""score"": 0.963}, {""type"": ""LOC"", ""value"": ""Nyiragongo"", ""score"": 0.972}, {""type"": ""ORG"", ""value"": ""Ka"", ""score"": 0.9058}, {""type"": ""LOC"", ""value"": ""##risim"", ""score"": 0.6124}, {""type"": ""ORG"", ""value"": ""##bi"", ""score"": 0.7528}, {""type"": ""ORG"", ""value"": ""IMA"", ""score"": 0.9835}, {""type"": ""LOC"", ""value"": ""Katwa"", ""score"": 0.9337}, {""type"": ""LOC"", ""value"": ""Beni"", ""score"": 0.9682}, {""type"": ""LOC"", ""value"": ""Kihinga"", ""score"": 0.9487}, {""type"": ""LOC"", ""value"": ""Katwa"", ""score"": 0.9902}, {""type"": ""ORG"", ""value"": ""IPC"", ""score"": 0.9743}, {""type"": ""ORG"", ""value"": ""CH Mukuna"", ""score"": 0.9618}, {""type"": ""ORG"", ""value"": ""CH J\u00e9rusalem"", ""score"": 0.9916}, {""type"": ""LOC"", ""value"": ""Katwa"", ""score"": 0.9177}, {""type"": ""ORG"", ""value"": ""HGR Oicha"", ""score"": 0.7716}]"
South-Kivu,23-06-2026,"Distribution of IPC supplies/PPE to 5 health facilities (Katana, WHO support). Simulation workshop (PPE donning/doffing, SDB). Coaching on Kobocollect tool for 45 IPC pillar members. Biocleaning of 17 schools (exam centers). 4 scorecard assessments (Idjwi: 56.5% and 24.2%; Fizi: 43.5%; Nundu: 32.3%). Installation of 4 checkpoints (3 Lwiro, 1 Kabushwa, PNHF/IOM support).","[{""type"": ""ORG"", ""value"": ""IPC"", ""score"": 0.9931}, {""type"": ""ORG"", ""value"": ""Katana"", ""score"": 0.9623}, {""type"": ""ORG"", ""value"": ""WHO"", ""score"": 0.9973}, {""type"": ""ORG"", ""value"": ""SD"", ""score"": 0.8556}, {""type"": ""LOC"", ""value"": ""Ko"", ""score"": 0.3904}, {""type"": ""ORG"", ""value"": ""IPC"", ""score"": 0.991}, {""type"": ""ORG"", ""value"": ""Fi"", ""score"": 0.3443}, {""type"": ""LOC"", ""value"": ""N"", ""score"": 0.7742}, {""type"": ""ORG"", ""value"": ""L"", ""score"": 0.68}, {""type"": ""MISC"", ""value"": ""Ka"", ""score"": 0.5836}, {""type"": ""MISC"", ""value"": ""##wa"", ""score"": 0.5653}, {""type"": ""ORG"", ""value"": ""P"", ""score"": 0.94}, {""type"": ""ORG"", ""value"": ""##HF"", ""score"": 0.8709}, {""type"": ""ORG"", ""value"": ""IOM"", ""score"": 0.7398}]"
Ituri,24-06-2026,"22/27 SDBs performed (5 postponed). 10 scorecard assessments in health facilities. 20 health facilities accompanied with 81 providers briefed. Decontamination of 17 households, 4 health facilities and 16 vehicles. Briefing of 55 community leaders on EVD and standard precautions.","[{""type"": ""MISC"", ""value"": ""SD"", ""score"": 0.7502}, {""type"": ""MISC"", ""value"": ""E"", ""score"": 0.9475}]"
North-Kivu,24-06-2026,Joint WHO-IPC mission to Oicha HZ: visit to Oicha CT with gap identification and IPC/WASH supplies delivered. Joint UNICEF-IPC mission to CSR CARL BEKER for photovoltaic borehole and triage unit monitoring. Monitoring of PLM installed at Beni Central Market entrance. Water supply to Katwa ETC tanks by CAUB (UNICEF implementing partner).,"[{""type"": ""ORG"", ""value"": ""WHO"", ""score"": 0.993}, {""type"": ""ORG"", ""value"": ""IPC"", ""score"": 0.9982}, {""type"": ""LOC"", ""value"": ""Oicha HZ"", ""score"": 0.9917}, {""type"": ""LOC"", ""value"": ""Oicha CT"", ""score"": 0.8787}, {""type"": ""ORG"", ""value"": ""IPC"", ""score"": 0.9846}, {""type"": ""ORG"", ""value"": ""WASH"", ""score"": 0.8521}, {""type"": ""ORG"", ""value"": ""UNICEF"", ""score"": 0.9677}, {""type"": ""ORG"", ""value"": ""IPC"", ""score"": 0.9978}, {""type"": ""ORG"", ""value"": ""CS"", ""score"": 0.5457}, {""type"": ""ORG"", ""value"": ""P"", ""score"": 0.8702}, {""type"": ""LOC"", ""value"": ""Beni Central Market"", ""score"": 0.9466}, {""type"": ""ORG"", ""value"": ""Kat"", ""score"": 0.4904}, {""type"": ""LOC"", ""value"": ""##wa"", ""score"": 0.7426}, {""type"": ""ORG"", ""value"": ""ETC"", ""score"": 0.9329}, {""type"": ""ORG"", ""value"": ""UNICEF"", ""score"": 0.9963}]"
South-Kivu,24-06-2026,"Closure of simulation workshop on PPE donning/doffing, SDB, and coaching on Kobocollect tool for scorecard assessments (45 IPC pillar members at RIO).","[{""type"": ""ORG"", ""value"": ""PPE"", ""score"": 0.9026}, {""type"": ""MISC"", ""value"": ""Ko"", ""score"": 0.4442}, {""type"": ""ORG"", ""value"": ""##boco"", ""score"": 0.5936}, {""type"": ""ORG"", ""value"": ""##ct"", ""score"": 0.6761}, {""type"": ""ORG"", ""value"": ""IPC"", ""score"": 0.9287}, {""type"": ""ORG"", ""value"": ""RIO"", ""score"": 0.7153}]"
Ituri,25-06-2026,"38/45 SDBs performed (7 postponed). 17 community swabs performed. 5 scorecard assessments in health facilities. 13 health facilities accompanied. Decontamination of 3 health facilities, 20 households around confirmed cases, and 38 vehicles. 191 PPL trained and 55 community relays/community leaders briefed on standard precautions.","[{""type"": ""ORG"", ""value"": ""PP"", ""score"": 0.549}]"
North-Kivu,25-06-2026,"IPC kits M1 and M2 delivered to 18 priority health facilities (10 Nyiragongo, 8 Karisimbi). IPC supplies (PPE, chlorine, detergent, buckets, boots, gloves, aprons) delivered to community IPC teams in Karisimbi and Nyiragongo. Preparation of joint WHO-DPS-INRB multidisciplinary mission (SURVEPI-LABO-PCI-PECH-RCCE) to Kayna, Alimbongo, Rutshuru and Rwanguba to strengthen zonal coordination. Accompaniment of priority health facilities in hotspot zones with briefing of 106 providers on IPC topics.","[{""type"": ""ORG"", ""value"": ""IPC"", ""score"": 0.9947}, {""type"": ""LOC"", ""value"": ""N"", ""score"": 0.9571}, {""type"": ""LOC"", ""value"": ""##ragong"", ""score"": 0.7236}, {""type"": ""LOC"", ""value"": ""Karisim"", ""score"": 0.8069}, {""type"": ""ORG"", ""value"": ""IPC"", ""score"": 0.9822}, {""type"": ""ORG"", ""value"": ""IPC"", ""score"": 0.9881}, {""type"": ""LOC"", ""value"": ""Karisimbi"", ""score"": 0.9543}, {""type"": ""LOC"", ""value"": ""Nyiragongo"", ""score"": 0.9769}, {""type"": ""ORG"", ""value"": ""WHO"", ""score"": 0.9908}, {""type"": ""ORG"", ""value"": ""DPS"", ""score"": 0.9387}, {""type"": ""ORG"", ""value"": ""INRB"", ""score"": 0.9722}, {""type"": ""LOC"", ""value"": ""Kayna"", ""score"": 0.9832}, {""type"": ""LOC"", ""value"": ""Alimbongo"", ""score"": 0.9325}, {""type"": ""LOC"", ""value"": ""Rutshuru"", ""score"": 0.86}, {""type"": ""LOC"", ""value"": ""Rwanguba"", ""score"": 0.978}, {""type"": ""ORG"", ""value"": ""IPC"", ""score"": 0.9914}]"
South-Kivu,25-06-2026,"Distribution of IPC supplies and PPE to 4 health facilities in Katana HZ (WHO support). Briefings of 8 IPC supervisors (2 DPS, 3 Miti-Murhesa HZ, 3 Katana HZ). Decontamination of 4 households of suspected cases (3 Katana HZ, 1 Miti-Murhesa HZ). Biocleaning of 10 schools designated as exam centers.","[{""type"": ""ORG"", ""value"": ""IPC"", ""score"": 0.9934}, {""type"": ""LOC"", ""value"": ""Katana"", ""score"": 0.9882}, {""type"": ""ORG"", ""value"": ""WHO"", ""score"": 0.9978}, {""type"": ""ORG"", ""value"": ""IPC"", ""score"": 0.99}, {""type"": ""ORG"", ""value"": ""D"", ""score"": 0.9446}, {""type"": ""ORG"", ""value"": ""Mi"", ""score"": 0.8987}, {""type"": ""ORG"", ""value"": ""##ti"", ""score"": 0.3599}, {""type"": ""ORG"", ""value"": ""Mur"", ""score"": 0.6585}, {""type"": ""LOC"", ""value"": ""##hes"", ""score"": 0.5173}, {""type"": ""ORG"", ""value"": ""##a"", ""score"": 0.6976}, {""type"": ""ORG"", ""value"": ""Katana"", ""score"": 0.9757}, {""type"": ""ORG"", ""value"": ""Katana"", ""score"": 0.9367}, {""type"": ""ORG"", ""value"": ""Mi"", ""score"": 0.6024}, {""type"": ""LOC"", ""value"": ""##ti"", ""score"": 0.6181}, {""type"": ""ORG"", ""value"": ""Mu"", ""score"": 0.4575}, {""type"": ""LOC"", ""value"": ""##hesa"", ""score"": 0.7001}]"
Ituri,27-06-2026,"18 households identified around cases in Bunia, Mongbwalu, Nyankunde, Komanda; 13 decontaminated. 4 health facilities identified and decontaminated. 29/29 SDBs performed with 14 postponed catches completed. 18 community swabs performed in Bunia, Mongbwalu, Nyankunde, Komanda. IPC/WASH assessments: CS Hoho (17.7%), PS Seule la fois sauve (35.4%), PS Benedicte (24.2%), CM Lobiko (62.9%). 13 health facilities accompanied, 29 vehicles decontaminated. Briefing of 258 PPL and 73 community relays/leaders. 37 providers briefed during formative supervision on EVD generalities and standard precautions. Monitoring of community engagement activities by women leaders in Bunia and Rwampara. 33 social mobilization activities (community dialogues and mass sensitizations) reaching 4,518 people (1,676M, 2,842F) on EVD prevention, community-based surveillance, case management, decontamination and SDB in Mongbwalu and Nyankunde. 4 educational talks reaching 3,376 people. Preparatory integrated EVD meeting with 45 motorcycle-taxi park chiefs in Bunia and Rwampara. 3 meetings with 36 participants (16M,20F) in Aru and Nyankunde for community engagement. Community feedback includes: EDS team attacks and food monotony in ETCs. Several exchanges organized to clarify rumors and strengthen community adherence","[{""type"": ""LOC"", ""value"": ""B"", ""score"": 0.9749}, {""type"": ""LOC"", ""value"": ""##unia"", ""score"": 0.9367}, {""type"": ""LOC"", ""value"": ""Mongbwalu"", ""score"": 0.9544}, {""type"": ""LOC"", ""value"": ""Nyankunde"", ""score"": 0.8565}, {""type"": ""LOC"", ""value"": ""Komanda"", ""score"": 0.7963}, {""type"": ""LOC"", ""value"": ""B"", ""score"": 0.9779}, {""type"": ""LOC"", ""value"": ""##unia"", ""score"": 0.882}, {""type"": ""LOC"", ""value"": ""Mongbwalu"", ""score"": 0.9571}, {""type"": ""LOC"", ""value"": ""Nyankunde"", ""score"": 0.9548}, {""type"": ""LOC"", ""value"": ""Komanda"", ""score"": 0.9514}, {""type"": ""ORG"", ""value"": ""IPC"", ""score"": 0.9917}, {""type"": ""ORG"", ""value"": ""WASH"", ""score"": 0.9232}, {""type"": ""ORG"", ""value"": ""CS Hoho"", ""score"": 0.9915}, {""type"": ""ORG"", ""value"": ""PS Seule la fois sauve"", ""score"": 0.9917}, {""type"": ""ORG"", ""value"": ""PS Benedicte"", ""score"": 0.9723}, {""type"": ""ORG"", ""value"": ""CM Lobiko"", ""score"": 0.9393}, {""type"": ""ORG"", ""value"": ""E"", ""score"": 0.9419}, {""type"": ""LOC"", ""value"": ""B"", ""score"": 0.9655}, {""type"": ""LOC"", ""value"": ""##unia"", ""score"": 0.9409}, {""type"": ""LOC"", ""value"": ""Rwampara"", ""score"": 0.898}, {""type"": ""MISC"", ""value"": ""E"", ""score"": 0.7755}, {""type"": ""ORG"", ""value"": ""SD"", ""score"": 0.736}, {""type"": ""LOC"", ""value"": ""Mongbwalu"", ""score"": 0.9732}, {""type"": ""LOC"", ""value"": ""Nyankunde"", ""score"": 0.9497}, {""type"": ""ORG"", ""value"": ""EVD"", ""score"": 0.8197}, {""type"": ""LOC"", ""value"": ""B"", ""score"": 0.9892}, {""type"": ""LOC"", ""value"": ""##unia"", ""score"": 0.958}, {""type"": ""LOC"", ""value"": ""Rwampara"", ""score"": 0.9733}, {""type"": ""LOC"", ""value"": ""A"", ""score"": 0.9834}, {""type"": ""LOC"", ""value"": ""##ru"", ""score"": 0.5673}, {""type"": ""LOC"", ""value"": ""Nyankunde"", ""score"": 0.9484}, {""type"": ""ORG"", ""value"": ""EDS"", ""score"": 0.9802}, {""type"": ""ORG"", ""value"": ""ET"", ""score"": 0.9841}]"
North-Kivu,27-06-2026,"Community dialogue with 38 community leaders on community-based surveillance (Vuhika AS). Briefing of ITs on integration of community-based surveillance and strengthening of IPC measures. Briefing of 22 nurses and laboratory staff at HGR Kyondo on risk communication and EVD prevention in hospital settings. Capacity building of 16 health committee members on community-based surveillance and EVD prevention in Butembo HZ. 34 motorcycle taxi drivers reached with mass communication on EVD risk during patient transport (Tuungane AS, Beni). Launch of training for 36 providers: 12 EDS team members (Kyondo HZ), 12 (Butembo HZ), 12 (Musienene HZ) in Butembo. Briefing of ECPs and IPC supervisors on data collection tools.","[{""type"": ""ORG"", ""value"": ""V"", ""score"": 0.9567}, {""type"": ""ORG"", ""value"": ""##ika AS"", ""score"": 0.702}, {""type"": ""ORG"", ""value"": ""IT"", ""score"": 0.9042}, {""type"": ""ORG"", ""value"": ""IPC"", ""score"": 0.9934}, {""type"": ""ORG"", ""value"": ""HGR Kyondo"", ""score"": 0.9566}, {""type"": ""MISC"", ""value"": ""E"", ""score"": 0.9058}, {""type"": ""MISC"", ""value"": ""E"", ""score"": 0.8963}, {""type"": ""LOC"", ""value"": ""Butembo"", ""score"": 0.9106}, {""type"": ""LOC"", ""value"": ""##Z"", ""score"": 0.656}, {""type"": ""MISC"", ""value"": ""E"", ""score"": 0.9504}, {""type"": ""ORG"", ""value"": ""Tuungane AS"", ""score"": 0.9065}, {""type"": ""ORG"", ""value"": ""Ben"", ""score"": 0.6997}, {""type"": ""LOC"", ""value"": ""##i"", ""score"": 0.76}, {""type"": ""ORG"", ""value"": ""EDS"", ""score"": 0.9647}, {""type"": ""ORG"", ""value"": ""Kyondo H"", ""score"": 0.7801}, {""type"": ""ORG"", ""value"": ""Butembo H"", ""score"": 0.8257}, {""type"": ""ORG"", ""value"": ""Mu"", ""score"": 0.932}, {""type"": ""ORG"", ""value"": ""##nen"", ""score"": 0.6585}, {""type"": ""LOC"", ""value"": ""Butembo"", ""score"": 0.9863}, {""type"": ""ORG"", ""value"": ""EC"", ""score"": 0.9944}, {""type"": ""ORG"", ""value"": ""IPC"", ""score"": 0.9801}]"
Ituri,29-06-2026,"6/17 households identified and decontaminated around confirmed cases. 8 health facilities identified and decontaminated in Bunia, Rwampara, Mongbwalu, Komanda. 9 decontaminations of public places (Sokimo office, DGPI, COUSP). 26/29 SDBs performed (2 postponed). IPC/WASH assessments of 6 health facilities: PS Katoto, PS Ushindi (38.7%), PS Maranatha (45.2%), CS Komanda (76%), PS Santé d'abord (34%), Dispensaire Afia Bora (30.6%), CH Unibu (71%). Decontamination of 25 vehicles (ambulances, hearses) and briefing of 33 providers on EVD. 93 PPL trained on standard IPC precautions in Bunia (50), Nizi (18), Mambasa (25). Provision of 3 household kits in Mongbwalu and Nia-Nia.","[{""type"": ""LOC"", ""value"": ""B"", ""score"": 0.9766}, {""type"": ""LOC"", ""value"": ""##unia"", ""score"": 0.9225}, {""type"": ""LOC"", ""value"": ""Rwampara"", ""score"": 0.8686}, {""type"": ""LOC"", ""value"": ""Mongbwalu"", ""score"": 0.9473}, {""type"": ""LOC"", ""value"": ""Komanda"", ""score"": 0.8663}, {""type"": ""ORG"", ""value"": ""Sokim"", ""score"": 0.673}, {""type"": ""ORG"", ""value"": ""D"", ""score"": 0.9943}, {""type"": ""ORG"", ""value"": ""##GPI"", ""score"": 0.7026}, {""type"": ""ORG"", ""value"": ""CO"", ""score"": 0.5775}, {""type"": ""ORG"", ""value"": ""IPC"", ""score"": 0.996}, {""type"": ""ORG"", ""value"": ""WASH"", ""score"": 0.9678}, {""type"": ""ORG"", ""value"": ""PS Katoto"", ""score"": 0.9935}, {""type"": ""ORG"", ""value"": ""PS Ushindi"", ""score"": 0.9927}, {""type"": ""ORG"", ""value"": ""PS Maranatha"", ""score"": 0.9808}, {""type"": ""ORG"", ""value"": ""CS Komanda"", ""score"": 0.7604}, {""type"": ""ORG"", ""value"": ""PS Sant\u00e9 d ' abord"", ""score"": 0.9839}, {""type"": ""ORG"", ""value"": ""Dispensaire Afia Bora"", ""score"": 0.8692}, {""type"": ""ORG"", ""value"": ""CH Unibu"", ""score"": 0.9501}, {""type"": ""ORG"", ""value"": ""E"", ""score"": 0.4725}, {""type"": ""ORG"", ""value"": ""IPC"", ""score"": 0.9949}, {""type"": ""LOC"", ""value"": ""B"", ""score"": 0.8581}, {""type"": ""LOC"", ""value"": ""##unia"", ""score"": 0.8218}, {""type"": ""ORG"", ""value"": ""Ni"", ""score"": 0.356}, {""type"": ""ORG"", ""value"": ""Mambasa"", ""score"": 0.466}, {""type"": ""LOC"", ""value"": ""Mongbwalu"", ""score"": 0.9618}, {""type"": ""LOC"", ""value"": ""Nia"", ""score"": 0.8567}, {""type"": ""LOC"", ""value"": ""Nia"", ""score"": 0.8022}]"
North-Kivu,29-06-2026,18 SDBs performed on 32 death alerts (56.2% coverage). Average intervention time of 4 hours (standard compliant). 31 swabs performed.,"[{""type"": ""MISC"", ""value"": ""SD"", ""score"": 0.657}]"
Ituri,30-06-2026,"29/27 households identified and decontaminated around confirmed cases. 3 health facilities identified and decontaminated in Bunia, Rwampara, Mongbwalu, Komanda. 9 decontaminations of public places (Sokimo, DGPI, COUSP). 26/29 SDBs performed (2 postponed). IPC/WASH assessments of 9 health facilities. Decontamination of 55 vehicles and briefing of 33 providers.","[{""type"": ""LOC"", ""value"": ""B"", ""score"": 0.9863}, {""type"": ""LOC"", ""value"": ""##unia"", ""score"": 0.935}, {""type"": ""LOC"", ""value"": ""Rwampara"", ""score"": 0.9102}, {""type"": ""LOC"", ""value"": ""Mongbwalu"", ""score"": 0.9543}, {""type"": ""LOC"", ""value"": ""Komanda"", ""score"": 0.9348}, {""type"": ""PER"", ""value"": ""So"", ""score"": 0.5143}, {""type"": ""ORG"", ""value"": ""##kim"", ""score"": 0.3167}, {""type"": ""ORG"", ""value"": ""D"", ""score"": 0.9904}, {""type"": ""ORG"", ""value"": ""##GPI"", ""score"": 0.6873}, {""type"": ""ORG"", ""value"": ""CO"", ""score"": 0.5958}, {""type"": ""MISC"", ""value"": ""SD"", ""score"": 0.6031}, {""type"": ""ORG"", ""value"": ""IPC"", ""score"": 0.9936}, {""type"": ""ORG"", ""value"": ""WASH"", ""score"": 0.9231}]"
North-Kivu,30-06-2026,"Provision of 5 vehicles by WHO for teams in Katwa, Butembo, Musienene and Kyondo HZs for IPC activities.","[{""type"": ""ORG"", ""value"": ""WHO"", ""score"": 0.9987}, {""type"": ""LOC"", ""value"": ""Katwa"", ""score"": 0.9912}, {""type"": ""LOC"", ""value"": ""Butembo"", ""score"": 0.9782}, {""type"": ""LOC"", ""value"": ""Mu"", ""score"": 0.9571}, {""type"": ""LOC"", ""value"": ""##sienene"", ""score"": 0.7633}, {""type"": ""LOC"", ""value"": ""Kyondo"", ""score"": 0.9713}, {""type"": ""ORG"", ""value"": ""H"", ""score"": 0.508}, {""type"": ""LOC"", ""value"": ""##Z"", ""score"": 0.7211}, {""type"": ""ORG"", ""value"": ""IPC"", ""score"": 0.9681}]"
Ituri,02-07-2026,"21/27 households identified and decontaminated around confirmed cases. Decontamination of 55 vehicles and briefing of 33 providers. 3 health facilities identified and decontaminated in Bunia, Rwampara, Mongbwalu, Komanda. 9 decontaminations of public places. 26/29 SDBs performed (2 postponed). IPC/WASH assessments of 9 health facilities. Accompaniment of 29 health facilities. Briefing of 52 community relays and leaders among prisoners. Provision of hygiene kits to confirmed case households in Mongbwalu.","[{""type"": ""LOC"", ""value"": ""B"", ""score"": 0.9843}, {""type"": ""LOC"", ""value"": ""##unia"", ""score"": 0.9493}, {""type"": ""LOC"", ""value"": ""Rwampara"", ""score"": 0.9168}, {""type"": ""LOC"", ""value"": ""Mongbwalu"", ""score"": 0.9673}, {""type"": ""LOC"", ""value"": ""Komanda"", ""score"": 0.917}, {""type"": ""MISC"", ""value"": ""SD"", ""score"": 0.7416}, {""type"": ""ORG"", ""value"": ""IPC"", ""score"": 0.996}, {""type"": ""ORG"", ""value"": ""WASH"", ""score"": 0.9415}, {""type"": ""LOC"", ""value"": ""Mongbwalu"", ""score"": 0.9715}]"
Ituri,03-07-2026,"77 SDB alerts notified, 54 performed (23 postponed) in Bunia, Mongbwalu, Nyankunde, Rwampara, Nizi, Komanda, Bambu. 15/15 households identified and decontaminated around confirmed cases. Decontamination of 10 vehicles and briefing of 35 providers. 3 health facilities identified and decontaminated in Bunia, Rwampara, Mongbwalu, Komanda. 4 decontaminations of public places. IPC/WASH assessments of 8 health facilities. Accompaniment of 29 health facilities. Briefing of 80 community relays and leaders in Bunia (65) and Nia-Nia (15). IPC kits distributed to CS Kutumba and CSR Kalivuli with briefing of 2 hygienists.","[{""type"": ""ORG"", ""value"": ""SDB"", ""score"": 0.7442}, {""type"": ""LOC"", ""value"": ""B"", ""score"": 0.9912}, {""type"": ""LOC"", ""value"": ""##unia"", ""score"": 0.9319}, {""type"": ""LOC"", ""value"": ""Mongbwalu"", ""score"": 0.9748}, {""type"": ""LOC"", ""value"": ""Nyankunde"", ""score"": 0.9253}, {""type"": ""LOC"", ""value"": ""Rwampara"", ""score"": 0.8568}, {""type"": ""LOC"", ""value"": ""Nizi"", ""score"": 0.9506}, {""type"": ""LOC"", ""value"": ""Ko"", ""score"": 0.9829}, {""type"": ""LOC"", ""value"": ""##manda"", ""score"": 0.9089}, {""type"": ""LOC"", ""value"": ""Bambu"", ""score"": 0.9439}, {""type"": ""LOC"", ""value"": ""B"", ""score"": 0.986}, {""type"": ""LOC"", ""value"": ""##unia"", ""score"": 0.9596}, {""type"": ""LOC"", ""value"": ""Rwampara"", ""score"": 0.9477}, {""type"": ""LOC"", ""value"": ""Mongbwalu"", ""score"": 0.9758}, {""type"": ""LOC"", ""value"": ""Komanda"", ""score"": 0.953}, {""type"": ""ORG"", ""value"": ""IPC"", ""score"": 0.9746}, {""type"": ""ORG"", ""value"": ""WASH"", ""score"": 0.8733}, {""type"": ""LOC"", ""value"": ""B"", ""score"": 0.9786}, {""type"": ""LOC"", ""value"": ""##unia"", ""score"": 0.9655}, {""type"": ""LOC"", ""value"": ""Nia"", ""score"": 0.8883}, {""type"": ""LOC"", ""value"": ""Nia"", ""score"": 0.7431}, {""type"": ""ORG"", ""value"": ""IPC"", ""score"": 0.9046}, {""type"": ""ORG"", ""value"": ""CS Kutumba"", ""score"": 0.9874}, {""type"": ""ORG"", ""value"": ""CSR Kalivuli"", ""score"": 0.9261}]"
North-Kivu,03-07-2026,"Scorecard assessment of 8 health facilities in Beni (average score 28.1%). Scores: Dispensaire de l'Espoir (53%), CM La Joie (34.8%), Dispensaire Imani Bora (32.5%), CM Kithimba (25.8%), Dispensaire Katoka (20%), CM Mbanasuvya (20%), Dispensaire Tuha (20%), CM Mbanivuka (19%). Decontamination of 3 health facilities after suspected cases. Briefing of 183 providers on IPC topics.","[{""type"": ""LOC"", ""value"": ""Beni"", ""score"": 0.9958}, {""type"": ""ORG"", ""value"": ""Dispensaire de l ' Espoir"", ""score"": 0.9817}, {""type"": ""ORG"", ""value"": ""CM La Joie"", ""score"": 0.9467}, {""type"": ""ORG"", ""value"": ""Dispensaire Imani"", ""score"": 0.8237}, {""type"": ""PER"", ""value"": ""Bo"", ""score"": 0.6538}, {""type"": ""ORG"", ""value"": ""##ra"", ""score"": 0.6085}, {""type"": ""ORG"", ""value"": ""CM Kithimba"", ""score"": 0.9031}, {""type"": ""ORG"", ""value"": ""Dispensaire Katoka"", ""score"": 0.8669}, {""type"": ""ORG"", ""value"": ""CM Mbanasuvya"", ""score"": 0.8687}, {""type"": ""ORG"", ""value"": ""Dispens"", ""score"": 0.9386}, {""type"": ""ORG"", ""value"": ""Tuha"", ""score"": 0.8625}, {""type"": ""ORG"", ""value"": ""CM Mbanivuka"", ""score"": 0.7692}, {""type"": ""ORG"", ""value"": ""IPC"", ""score"": 0.914}]"
North-Kivu,04-07-2026,"30 SDBs performed on 29 death alerts; 28 bodies swabbed and secured, 1 body not swabbed, 6 bodies postponed. Briefing of Beni SDB teams started. Incident: IPC team attacked and vehicle stoned during decontamination of CMC Kiharo (Rughenda health area).","[{""type"": ""ORG"", ""value"": ""SD"", ""score"": 0.7059}, {""type"": ""ORG"", ""value"": ""Beni SDB"", ""score"": 0.8532}, {""type"": ""ORG"", ""value"": ""IPC"", ""score"": 0.9943}, {""type"": ""ORG"", ""value"": ""CMC Ki"", ""score"": 0.8151}, {""type"": ""LOC"", ""value"": ""##haro"", ""score"": 0.7554}, {""type"": ""LOC"", ""value"": ""R"", ""score"": 0.9921}, {""type"": ""LOC"", ""value"": ""##ughenda"", ""score"": 0.8447}]"
Ituri,07-07-2026,"21 households identified and decontaminated around cases. 1 health facility identified and decontaminated. 29 deaths recorded for SDB activities, 22 SDBs performed (76% coverage), 18 post-mortem samples taken.","[{""type"": ""MISC"", ""value"": ""SD"", ""score"": 0.7527}, {""type"": ""MISC"", ""value"": ""SD"", ""score"": 0.8277}]"
North-Kivu,07-07-2026,"Scorecard assessments of 10 health facilities in Beni (5), Mutwanga (2), Oicha (3) – average score 26.1%, max 37.1%, none reached 50%. 57 health facilities followed and accompanied in Beni (20), Kyondo (1), Oicha (20), Butembo (12), Musienene (4). IPC kits delivered to 8 health facilities in Beni (IMC). 155 providers briefed (18 Musienene, 4 Kyondo, 57 Butembo, 76 Oicha). Launch of IPC/WASH briefing for 19 community and religious leaders in Butembo HZ on barrier measures.","[{""type"": ""LOC"", ""value"": ""Beni"", ""score"": 0.9952}, {""type"": ""LOC"", ""value"": ""Mu"", ""score"": 0.74}, {""type"": ""LOC"", ""value"": ""##wanga"", ""score"": 0.9339}, {""type"": ""LOC"", ""value"": ""Oicha"", ""score"": 0.956}, {""type"": ""LOC"", ""value"": ""Beni"", ""score"": 0.9717}, {""type"": ""ORG"", ""value"": ""K"", ""score"": 0.3563}, {""type"": ""LOC"", ""value"": ""##yondo"", ""score"": 0.7261}, {""type"": ""PER"", ""value"": ""O"", ""score"": 0.6}, {""type"": ""LOC"", ""value"": ""##icha"", ""score"": 0.7502}, {""type"": ""ORG"", ""value"": ""But"", ""score"": 0.8368}, {""type"": ""LOC"", ""value"": ""##em"", ""score"": 0.7339}, {""type"": ""ORG"", ""value"": ""##bo"", ""score"": 0.7838}, {""type"": ""PER"", ""value"": ""Mu"", ""score"": 0.7653}, {""type"": ""ORG"", ""value"": ""##nen"", ""score"": 0.4881}, {""type"": ""ORG"", ""value"": ""IPC"", ""score"": 0.9859}, {""type"": ""LOC"", ""value"": ""Beni"", ""score"": 0.9954}, {""type"": ""ORG"", ""value"": ""IMC"", ""score"": 0.9788}, {""type"": ""PER"", ""value"": ""Mu"", ""score"": 0.4935}, {""type"": ""PER"", ""value"": ""K"", ""score"": 0.3499}, {""type"": ""LOC"", ""value"": ""##yon"", ""score"": 0.4249}, {""type"": ""ORG"", ""value"": ""But"", ""score"": 0.8856}, {""type"": ""LOC"", ""value"": ""##em"", ""score"": 0.5569}, {""type"": ""ORG"", ""value"": ""O"", ""score"": 0.5526}, {""type"": ""LOC"", ""value"": ""##ich"", ""score"": 0.8904}, {""type"": ""ORG"", ""value"": ""IPC"", ""score"": 0.9668}, {""type"": ""ORG"", ""value"": ""WASH"", ""score"": 0.8888}, {""type"": ""LOC"", ""value"": ""Butembo HZ"", ""score"": 0.9677}]"
Ituri,09-07-2026,"44 confirmed cases underwent ring activities. 9 households identified, 6 decontaminated (66.7%). 3 health facilities identified, 2 decontaminated. 12 IPC/WASH assessments, 9 kit/input distributions, 18 health facility follow-ups/accompaniments, 1 health facility decontamination, 7 vehicle decontaminations. 12 PPL, 26 SDB team members and 120 providers trained/briefed.","[{""type"": ""ORG"", ""value"": ""IPC"", ""score"": 0.8819}, {""type"": ""ORG"", ""value"": ""WASH"", ""score"": 0.8257}, {""type"": ""ORG"", ""value"": ""SD"", ""score"": 0.8239}]"
North-Kivu,09-07-2026,"Scorecard assessments of 7 health facilities (Beni 3, Kibua 1, Musienene 2, Oicha 1) – average score 35%. 22 providers briefed on IPC, RCCE and community surveillance. 15 providers from CH La Vérité trained on IPC/WASH. 337 providers and 16 PPL briefed during supervisory visits. 3 health facilities, 17 lodging sites in Butembo and 16 households decontaminated. 29 death alerts, 27 bodies swabbed/secured, 2 sampling failures recorded.","[{""type"": ""LOC"", ""value"": ""Beni"", ""score"": 0.9874}, {""type"": ""LOC"", ""value"": ""Kibua"", ""score"": 0.9335}, {""type"": ""LOC"", ""value"": ""Musienene"", ""score"": 0.6998}, {""type"": ""LOC"", ""value"": ""Oicha"", ""score"": 0.9288}, {""type"": ""ORG"", ""value"": ""IPC"", ""score"": 0.9919}, {""type"": ""ORG"", ""value"": ""RCCE"", ""score"": 0.9973}, {""type"": ""ORG"", ""value"": ""CH La V\u00e9rit\u00e9"", ""score"": 0.9924}, {""type"": ""ORG"", ""value"": ""IPC"", ""score"": 0.9746}, {""type"": ""ORG"", ""value"": ""WASH"", ""score"": 0.7604}, {""type"": ""ORG"", ""value"": ""PP"", ""score"": 0.8734}, {""type"": ""LOC"", ""value"": ""Butembo"", ""score"": 0.9793}]"
Ituri,10-07-2026,"30 confirmed cases underwent ring activities. 31 households identified, 29 decontaminated (93.5%). 8 health facilities identified, 7 decontaminated. 20 IPC/WASH assessments, 65 kit/input distributions, 31 health facility follow-ups/accompaniments, 3 health facility decontaminations, 24 vehicle decontaminations. 18 PPL trained and 86 providers briefed.","[{""type"": ""ORG"", ""value"": ""IPC"", ""score"": 0.9019}, {""type"": ""ORG"", ""value"": ""WASH"", ""score"": 0.8625}, {""type"": ""ORG"", ""value"": ""PP"", ""score"": 0.554}]"
North-Kivu,10-07-2026,"Closure of briefing for 22 providers on IPC, RCCE and CBS in Butembo (CARITAS support). Training of 15 providers on IPC in Beni (IRC support). Scorecard assessments of 11 health facilities (Beni 3, Kibua 1, Musienene 2, Oicha 5) – average score 35%. Training of 15 providers from CH La Vérité on IPC/WASH (WHO support). Follow-up/accompaniment of 81 health facilities (27 Oicha, 24 Butembo, 10 Musienene, 1 Kyondo, 2 traditional healer structures in Beni). Risk exposure assessment of 16 PPL (10 Butembo: 5 high-risk, 3 low-risk; 6 Musienene: 4 high-risk, 2 low-risk). Investigation of 6 death alerts in Musienene (1 swabbed/secured) and 3 in Beni. Briefing of 488 providers during supervisory visits (195 Beni, 114 Oicha, 79 Butembo, 44 Kyondo, 26 Musienene). Decontamination of 21 sites (3 health facilities in Musienene including 1 traditional structure, 18 lodging sites in Butembo). Assessments in 42 priority health facilities (Butembo, Katwa, Beni, Kyondo, Karisimbi, Musienene, Goma).","[{""type"": ""ORG"", ""value"": ""IPC"", ""score"": 0.9962}, {""type"": ""ORG"", ""value"": ""RCCE"", ""score"": 0.9976}, {""type"": ""ORG"", ""value"": ""CBS"", ""score"": 0.9982}, {""type"": ""LOC"", ""value"": ""Butembo"", ""score"": 0.9934}, {""type"": ""ORG"", ""value"": ""IPC"", ""score"": 0.9892}, {""type"": ""LOC"", ""value"": ""Beni"", ""score"": 0.9976}, {""type"": ""ORG"", ""value"": ""IRC"", ""score"": 0.9953}, {""type"": ""LOC"", ""value"": ""Beni"", ""score"": 0.9557}, {""type"": ""LOC"", ""value"": ""Kibua"", ""score"": 0.829}, {""type"": ""LOC"", ""value"": ""Mu"", ""score"": 0.8236}, {""type"": ""LOC"", ""value"": ""##nene"", ""score"": 0.6209}, {""type"": ""ORG"", ""value"": ""Oicha"", ""score"": 0.6298}, {""type"": ""ORG"", ""value"": ""CH La V\u00e9rit\u00e9"", ""score"": 0.9941}, {""type"": ""ORG"", ""value"": ""IPC"", ""score"": 0.9535}, {""type"": ""ORG"", ""value"": ""WASH"", ""score"": 0.7141}, {""type"": ""ORG"", ""value"": ""WHO"", ""score"": 0.9952}, {""type"": ""LOC"", ""value"": ""Oich"", ""score"": 0.8471}, {""type"": ""LOC"", ""value"": ""Butem"", ""score"": 0.8727}, {""type"": ""LOC"", ""value"": ""Mu"", ""score"": 0.552}, {""type"": ""LOC"", ""value"": ""Kyondo"", ""score"": 0.7374}, {""type"": ""LOC"", ""value"": ""Beni"", ""score"": 0.9962}, {""type"": ""LOC"", ""value"": ""Butem"", ""score"": 0.7873}, {""type"": ""LOC"", ""value"": ""Mu"", ""score"": 0.9605}, {""type"": ""LOC"", ""value"": ""##nene"", ""score"": 0.7278}, {""type"": ""LOC"", ""value"": ""Beni"", ""score"": 0.9966}, {""type"": ""LOC"", ""value"": ""Beni"", ""score"": 0.8844}, {""type"": ""LOC"", ""value"": ""Oich"", ""score"": 0.7926}, {""type"": ""LOC"", ""value"": ""Butembo"", ""score"": 0.7507}, {""type"": ""LOC"", ""value"": ""Kyondo"", ""score"": 0.9362}, {""type"": ""LOC"", ""value"": ""Mu"", ""score"": 0.8331}, {""type"": ""LOC"", ""value"": ""##nene"", ""score"": 0.5448}, {""type"": ""LOC"", ""value"": ""Mu"", ""score"": 0.977}, {""type"": ""LOC"", ""value"": ""##nene"", ""score"": 0.674}, {""type"": ""LOC"", ""value"": ""Butembo"", ""score"": 0.9916}, {""type"": ""LOC"", ""value"": ""Butembo"", ""score"": 0.9557}, {""type"": ""LOC"", ""value"": ""Katwa"", ""score"": 0.9744}, {""type"": ""LOC"", ""value"": ""Beni"", ""score"": 0.9924}, {""type"": ""LOC"", ""value"": ""Kyondo"", ""score"": 0.9879}, {""type"": ""LOC"", ""value"": ""Karisimbi"", ""score"": 0.9418}, {""type"": ""LOC"", ""value"": ""Musienene"", ""score"": 0.8172}, {""type"": ""LOC"", ""value"": ""Goma"", ""score"": 0.9373}]"
Ituri,11-07-2026,"67 households targeted around cases, 42 decontaminated within 48 hours (62.7%). 12 health facilities with confirmed cases decontaminated within 48 hours (100%). 175/1,170 health facilities had triage/pre-triage with one-way circuit (15.0%). 45/678 health facilities in high-risk areas received complete IPC kit (6.6%). 924/1,640 providers trained on IPC/WASH Ebola (56.3%). 208/1,170 health facilities had 48-hour water storage capacity (17.8%).","[{""type"": ""ORG"", ""value"": ""IPC"", ""score"": 0.9486}, {""type"": ""ORG"", ""value"": ""IPC"", ""score"": 0.7024}, {""type"": ""MISC"", ""value"": ""WA"", ""score"": 0.5142}, {""type"": ""ORG"", ""value"": ""##S"", ""score"": 0.6791}, {""type"": ""MISC"", ""value"": ""##H E"", ""score"": 0.7799}, {""type"": ""MISC"", ""value"": ""##a"", ""score"": 0.897}]"
North-Kivu,11-07-2026,"7 bodies pending from previous day, 24 death alerts notified. 24 bodies swabbed/secured, 26 SDBs performed, 5 bodies postponed. Kalunguta SDB team training completed.","[{""type"": ""MISC"", ""value"": ""SD"", ""score"": 0.9508}, {""type"": ""ORG"", ""value"": ""Kalunguta SDB"", ""score"": 0.9445}]"
Ituri,13/07/2026,99% ESS of confirmed cases. 924 providers trained. 4 PPL contaminated at Tchomia (2 deaths). IPC training ongoing.,"[{""type"": ""LOC"", ""value"": ""Tchomia"", ""score"": 0.7973}, {""type"": ""ORG"", ""value"": ""IPC"", ""score"": 0.9975}]"
Nord-Kivu,13/07/2026,"Morgue decontamination in Beni, Katwa, Kalunguta. IPC training ongoing.","[{""type"": ""LOC"", ""value"": ""Beni"", ""score"": 0.996}, {""type"": ""LOC"", ""value"": ""Katwa"", ""score"": 0.995}, {""type"": ""LOC"", ""value"": ""Kalunguta"", ""score"": 0.9279}, {""type"": ""ORG"", ""value"": ""IPC"", ""score"": 0.9986}]"
